EssayText,Extraction,PredScore,GoldScore,ScorerRaw,Feedback
Changing the type of grafin would improve the student's experiment give a better new at those data. ^P Give the names of each type of plastic type used in this experiment. Each plastic should be the same length. ^P My conclusion is plastic type held up a much stronger than all of the different types.,"{""conclusions"": [], ""design_improvements"": [""each plastic should be the same length""], ""validity_improvements"": [], ""valid_conclusion"": false, ""design_count"": 1, ""validity_count"": 0}",0,1,"{""score"": 0, ""reasoning"": ""The student's response does not draw a valid conclusion supported by the data and only mentions one potential improvement to the experimental design, which is not clearly related to the investigation's goal of testing stretchability. The response lacks coherence and relevance to the task.""}",
"Concluding from the students data that plastic type B was the stretchiest, while type A is the least stretchy. Two ways that the students could have improved their experiment is to have described how much height to use. Another way that they could have gotten more valid results is clarify how much plastic to use, hanging of the table.","{""conclusions"": [""plastic type b was the stretchiest"", ""type a is the least stretchy""], ""design_improvements"": [""clarify how much plastic to use"", ""describe how much height to use""], ""validity_improvements"": [], ""valid_conclusion"": true, ""design_count"": 2, ""validity_count"": 0}",2,3,"{""score"": 2, ""reasoning"": ""The student's response draws a valid conclusion supported by the data, stating that plastic type B is the stretchiest and type A is the least stretchy. Additionally, the student describes two ways to improve the experiment, including clarifying how much plastic to use and describing how much height to use. Although the suggestions for improvement are not perfectly aligned with the rubric, they demonstrate an understanding of the need for more precise measurements and control over variables. Therefore, the response earns a score of 2, as it meets one of the criteria for a score of 2 by drawing a valid conclusion and describing two ways to improve the experimental design.""}",
Two ways that the stundent could've improved the experiment is by getting a more better brand of plastic or simply redo the experiment.,"{""conclusions"": [], ""design_improvements"": [""get a better brand of plastic""], ""validity_improvements"": [""redo the experiment""], ""valid_conclusion"": false, ""design_count"": 1, ""validity_count"": 1}",0,1,"{""score"": 0, ""reasoning"": ""The student response does not draw a valid conclusion supported by the data and does not provide two acceptable ways to improve the experimental design and/or validity of the results.""}",
"A conclusion I can make from this experiment is that plastic type B is the stretchable because in trial one it stretched 22mm,while in trial two it stretched 23mm without breaking. One way the student can improve the design is by adding more weights. A second way is to include more trials so there is more to compare to.","{""conclusions"": [""plastic type b is the most stretchable""], ""design_improvements"": [""add more weights""], ""validity_improvements"": [""include more trials""], ""valid_conclusion"": true, ""design_count"": 1, ""validity_count"": 1}",2,1,"{""score"": 2, ""reasoning"": ""The student response draws a valid conclusion supported by the student's data and describes one way the student could have improved the experimental design and/or the validity of the results.""}",
"a.One conclusion I can draw is that plastic B stretched the most than there was plastic D, the next plastic C and finally plastic A. b. They could have used more trials. Two trials is not enough to have a valid experiment. Next they could have said how long each plastic had to be. If there is more or less on one plastic then there could be more polymers making the experiment invalid.","{""conclusions"": [""plastic b stretched the most, followed by plastic d, then plastic c, and finally plastic a""], ""design_improvements"": [""provide the initial length of each plastic sample""], ""validity_improvements"": [""use more trials to ensure a valid experiment""], ""valid_conclusion"": true, ""design_count"": 1, ""validity_count"": 1}",2,3,"{""score"": 2, ""reasoning"": ""The student's response draws a valid conclusion supported by the data and describes one way the student could have improved the experimental design and/or the validity of the results.""}",
My conclusion to this experiment is that plastic sample B streched the most because it was probly a sample streches easily.^p B) Two things that could be changed is saying what kind of plastic it was and saying hope much weight is put on each clamp.,"{""conclusions"": [], ""design_improvements"": [""indicate how much weight is put on each clamp"", ""provide the type of plastic""], ""validity_improvements"": [], ""valid_conclusion"": false, ""design_count"": 2, ""validity_count"": 0}",1,2,"{""score"": 1, ""reasoning"": ""The student's conclusion is partially supported by the data, but it lacks clarity and specific details. The student suggests two potential improvements to the experimental design, which aligns with some aspects of the scoring rubric.""}",
"You can conclude that plastic B was the most maluble and was able to stretch the most while plastic A was the most rigid and least stretchable. Two ways the experiment could have improved was to also test for longer amounts of time, to see if time was a factor. Using different wights for different trials could also give out more beneficial data.","{""conclusions"": [""plastic a was the least stretchable"", ""plastic b was the most stretchable""], ""design_improvements"": [""test for longer amounts of time""], ""validity_improvements"": [""using different weights for different trials""], ""valid_conclusion"": true, ""design_count"": 1, ""validity_count"": 1}",2,1,"{""score"": 2, ""reasoning"": ""The student's response draws a valid conclusion supported by the data, stating that plastic B was the most stretchable and plastic A was the least stretchable. Additionally, the student describes one way the experiment could have been improved, which is to test for longer amounts of time, and another way is to use different weights for different trials, thus meeting the criteria for a score of 2.""}",
"By looking at the results, one can see that plastic type B and D stretched almost twice as much as the other two types. This shows us that B and D are most likely low density polymers because of their flexibility. A and C however are not as flexible and therefore are high density polymers. The experiment could have been improved by adding another plastic type or running more trials. The weights could have been changed also to test the strength.","{""conclusions"": [""a and c are high density polymers"", ""plastic type b and d are most likely low density polymers because of their flexibility""], ""design_improvements"": [""adding another plastic type""], ""validity_improvements"": [""changing the weights to test the strength"", ""running more trials""], ""valid_conclusion"": true, ""design_count"": 1, ""validity_count"": 2}",2,2,"{""score"": 2, ""reasoning"": ""The student response draws a valid conclusion supported by the student's data and describes one way the student could have improved the experimental design and/or the validity of the results.""}",
"Material type A stretched the least, and material type B stretched the most. Material type B stretched about 12 mm more than A. A few ways the student could have the experiment is be could have gotten different length plastic to test it different ways. Also he could have added more trials and averaged them together to get more accurate results.","{""conclusions"": [""material type a stretched the least, and material type b stretched the most.""], ""design_improvements"": [""use different length plastic to test in different ways""], ""validity_improvements"": [""add more trials and average them together to get more accurate results""], ""valid_conclusion"": true, ""design_count"": 1, ""validity_count"": 1}",2,2,"{""score"": 2, ""reasoning"": ""The student response draws a valid conclusion supported by the data, stating that material type A stretched the least and material type B stretched the most. Additionally, the student suggests two ways to improve the experiment: using different length plastics to test in different ways and adding more trials to average the results. Although the suggestion for using different length plastics may not directly improve the validity of the results, the suggestion for adding more trials is a clear improvement. Therefore, the response meets the criteria for a score of 2.""}",
a) A conclusion about this data is that plastic type A+B stretched longer the second trial and that type C stretched longer the first and D stayed the same. You can also conclude that plastic B has greatest stretchability. B) Two ways [the students could have improved the experimental are sign is that they could have done more trials to increase validity. They also could have used the same length of different plastics each time.,"{""conclusions"": [""plastic b has greatest stretchability"", ""plastic type a+b stretched longer the second trial"", ""type c stretched longer the first and d stayed the same""], ""design_improvements"": [""used the same length of different plastics each time""], ""validity_improvements"": [""done more trials to increase validity""], ""valid_conclusion"": true, ""design_count"": 1, ""validity_count"": 1}",2,3,"{""score"": 2, ""reasoning"": ""The student response draws a valid conclusion supported by the student's data and describes one way the student could have improved the experimental design and/or the validity of the results.""}",
a. Plastic type B is proven to be the most strehable material because it has stricthed to the greatest length which was 22mm and 23 mm. b. 2 ways to improve the experiment is there should be 2 trials and the size of each material before being stretched should be held constant.,"{""conclusions"": [""plastic type b is the most stretchable material""], ""design_improvements"": [""the size of each material before being stretched should be held constant""], ""validity_improvements"": [""there should be more than 2 trials""], ""valid_conclusion"": true, ""design_count"": 1, ""validity_count"": 1}",2,3,"{""score"": 2, ""reasoning"": ""The student's response draws a valid conclusion supported by the data, stating that plastic type B is the most stretchable material. Additionally, the student suggests one way to improve the experiment, which is to hold the size of each material constant before being stretched. However, the student mentions that there should be 2 trials, but since the experiment already had 2 trials, this suggestion is not entirely accurate. According to the scoring rubric, a score of 2 is given when the response draws a valid conclusion and describes one way to improve the experimental design, which is the case here.""}",
"A) Based on the student's data, I can draw the conclusion that plastic type A is the most duriable because it stretched the least (an average of 11mm), while plastic type D is the least duriable. ^P B) To improve this experiment, the student's could have added a control and specified how much weight should be added to the clamp.","{""conclusions"": [], ""design_improvements"": [""added a control"", ""specified how much weight should be added to the clamp""], ""validity_improvements"": [], ""valid_conclusion"": false, ""design_count"": 2, ""validity_count"": 0}",1,1,"{""score"": 1, ""reasoning"": ""The student's response incorrectly concludes that plastic type A is the most durable because it stretched the least, and plastic type D is the least durable. However, the student does provide two ways to improve the experimental design: adding a control and specifying how much weight should be added to the clamp.""}",
"Based on the student's data, plastic B stretched more. b The students could have improved the experiment by resting the plastics at the same length  also by doing more than just two trials using sam. Putting same amount of weight in the type of plastic bag.","{""conclusions"": [""plastic b stretched more""], ""design_improvements"": [""resting the plastics at the same length""], ""validity_improvements"": [""doing more than just two trials"", ""putting the same amount of weight""], ""valid_conclusion"": true, ""design_count"": 1, ""validity_count"": 2}",2,3,"{""score"": 2, ""reasoning"": ""The student's response draws a valid conclusion supported by the data, stating that plastic B stretched more. Additionally, the student describes two ways to improve the experimental design: resting the plastics at the same length and doing more than just two trials, as well as putting the same amount of weight. This aligns with the scoring rubric for a score of 2.""}",
"a) The students concluded that platic B was the most flexible, stretching up to 23mm on the second trial and 22mm on the first. b) The student could have improved this design and validity of his lab in two ways. First he could have done the experiment a third time to further confirm results. Second, the student could have been more descriptive in his procedure explaing how to add weight to the clamp and how much weight to actually add.","{""conclusions"": [""plastic sample b was the most flexible, stretching up to 23mm on the second trial and 22mm on the first""], ""design_improvements"": [""be more descriptive in the procedure explaining how to add weight to the clamp and how much weight to actually add""], ""validity_improvements"": [""do the experiment a third time to further confirm results""], ""valid_conclusion"": true, ""design_count"": 1, ""validity_count"": 1}",2,3,"{""score"": 2, ""reasoning"": ""The student's response draws a valid conclusion supported by the data, stating that plastic B was the most flexible. Additionally, the student describes two ways to improve the experimental design: performing the experiment a third time and being more descriptive in the procedure for adding weight to the clamp.""}",
"Based on the students data, it looks like all 4 types of plastic stretched at least 10mm. The most amount stretched was 22mm for plastic type B then 20mm for D, 14 mm for c and 10mm for A. ^p To make the experiment more valid the student could perform more trials maybe using a different type of clamp or other weights to  test the plastic's flexibility.","{""conclusions"": [""plastic sample a has the least amount of stretchability compared to the other polymer plastics."", ""plastic sample b has more stretchability than the other polymer plastics.""], ""design_improvements"": [""use a different type of clamp""], ""validity_improvements"": [""perform more trials""], ""valid_conclusion"": true, ""design_count"": 1, ""validity_count"": 1}",2,1,"{""score"": 2, ""reasoning"": ""The student response draws a valid conclusion supported by the student's data and describes one way the student could have improved the experimental design and/or the validity of the results.""}",
A conclusion that can be drawn from the students data is that plastic B has the most stretchability. Two ways this student could have imposed the experimental design and or validity of the results is. The students could have said what the initial length of the plastic was and keep all the others plastics at the same length because if one plastic was longer than the other the experiment would be valid. And they also say how much the weights that were being used weighed because one could be heavier than the other.,"{""conclusions"": [""plastic b has the most stretchability""], ""design_improvements"": [""keep all plastics at the same initial length""], ""validity_improvements"": [""specify the weight of the weights used""], ""valid_conclusion"": true, ""design_count"": 1, ""validity_count"": 1}",2,3,"{""score"": 2, ""reasoning"": ""The student's response draws a valid conclusion supported by the data, stating that plastic B has the most stretchability. Additionally, the student describes two ways to improve the experimental design: keeping all plastics at the same initial length and specifying the weight of the weights used. This meets the criteria for a score of 2, as the response draws a valid conclusion and describes one way to improve the experimental design, but does not fully meet the criteria for a score of 3.""}",
"A conclusion that can be made based on this experiment is plastic type D stretches the most, plastic type D stretches the second most, plastic C the third most and plastic A the least most. The students could have improved the validity of the experiment by including another trials. Also including what size or how heavy of a weight to use for in the experiment.","{""conclusions"": [], ""design_improvements"": [""including what size or how heavy of a weight to use for in the experiment""], ""validity_improvements"": [""including another trials""], ""valid_conclusion"": false, ""design_count"": 1, ""validity_count"": 1}",1,2,"{""score"": 1, ""reasoning"": ""The student's response contains some correct information, but it is incomplete or inaccurate in some aspects. The conclusion drawn is not entirely supported by the data, and only one way to improve the experimental design is mentioned.""}",
"A. Based on this student's data, I conclude that trial 2 was more effective.^p B. One way the student could have improved the experimental design is give the names of the plastics they used.","{""conclusions"": [], ""design_improvements"": [""provide the names of the plastics used""], ""validity_improvements"": [], ""valid_conclusion"": false, ""design_count"": 1, ""validity_count"": 0}",0,0,"{""score"": 0, ""reasoning"": ""The student's conclusion that 'trial 2 was more effective' is not supported by the data and does not address the stretchability of the polymer plastics. Additionally, the suggested improvement of 'give the names of the plastics they used' does not directly relate to improving the experimental design or validity of the results in terms of measuring stretchability.""}",
"a) In conclusion, plastic type A is the strongest plastic and plastic type D is the weakest plastic because it streched the most. ^P B) the student should have made sure all the plastic lengths were equal. The experimenter should have also tested them all at the same time to get accurate data.","{""conclusions"": [], ""design_improvements"": [""made sure all the plastic lengths were equal""], ""validity_improvements"": [""tested them all at the same time to get accurate data""], ""valid_conclusion"": false, ""design_count"": 1, ""validity_count"": 1}",1,1,"{""score"": 1, ""reasoning"": ""The student's conclusion is incorrect, and they only described one way to improve the experimental design.""}",
"As shown in the data table, I can conclude that plastic type B was able to stretch the most in the 5 minutes.  The table also shows that plastic type A stretched the least, concluding it was very strong or had less polymers. Two ways the students can improve their experimental design would be to make sure that all the plastic samples were the same length. Another way the students can improve the experiment would be to include the weights so an independent variable can be clearly stated/seen.","{""conclusions"": [""plastic type a stretched the least"", ""plastic type b was able to stretch the most in the 5 minutes""], ""design_improvements"": [""include the weights so an independent variable can be clearly stated/seen"", ""make sure that all the plastic samples were the same length""], ""validity_improvements"": [], ""valid_conclusion"": true, ""design_count"": 2, ""validity_count"": 0}",3,3,"{""score"": 3, ""reasoning"": ""The student's response draws a valid conclusion supported by the data, stating that plastic type B stretched the most and plastic type A stretched the least. Additionally, the student describes two ways to improve the experimental design: making sure all plastic samples are the same length and including the weights to clearly state the independent variable.""}",
"a. Based on the students data I can conclude that T2 overall had better results that T1, for T1, A, B and C were all longer than T1. ^p 3b. The student could have improved the experimental design and for validity of the results by specifying the amount of weight that was added to the clamps and the student should also have specifyed the plastics that were used to make a more valid point. ^p A-10, 12. ^p B-22, 23. ^p C-14, 13. ^p D-20, 20.","{""conclusions"": [], ""design_improvements"": [""specifying the amount of weight that was added to the clamps""], ""validity_improvements"": [""specifying the plastics that were used""], ""valid_conclusion"": false, ""design_count"": 1, ""validity_count"": 1}",1,1,"{""score"": 1, ""reasoning"": ""The student response attempts to draw a conclusion but does so incorrectly by comparing T1 and T2 overall results instead of analyzing the stretchability of each plastic type. However, it does describe one way the student could have improved the experimental design by specifying the amount of weight added to the clamps.""}",
"The second trail the first two numbers are higher then the two in the first trail. One number lower than the first time and the number the same, one way the could improve there experiment is they could of made a graph with there results.","{""conclusions"": [], ""design_improvements"": [""make a graph with the results""], ""validity_improvements"": [], ""valid_conclusion"": false, ""design_count"": 1, ""validity_count"": 0}",1,0,"{""score"": 1, ""reasoning"": ""The student response attempts to draw a conclusion but does so inaccurately and vaguely. It mentions that 'the second trail the first two numbers are higher then the two in the first trail. One number lower than the first time and the number the same,' which does not clearly or correctly interpret the data provided. However, the student does suggest one way to improve the experiment, which is by 'making a graph with there results.' This suggestion aligns with improving the experimental design and/or the validity of the results, as visualizing data can help in better understanding and comparing the stretchability of the polymer plastics. Since the student fails to draw a valid conclusion supported by the data but describes one way to improve the experimental design, the response earns a score of 1 according to the scoring rubric.""}",
The question in this experiment is how many weights did it take take for the plastic to inicate while measuring. The conclusion was that T2 was more of a success. One way the student could have improved was explaing how heavy each weight was and how best you should add each weight to the clamp. Another way they could've improved was using the exact type of plastic with the same measurements.,"{""conclusions"": [], ""design_improvements"": [""using the exact type of plastic with the same measurements""], ""validity_improvements"": [""explaining how heavy each weight was and how best to add each weight to the clamp""], ""valid_conclusion"": false, ""design_count"": 1, ""validity_count"": 1}",1,1,"{""score"": 1, ""reasoning"": ""The student response fails to draw a valid conclusion supported by the data, but it does describe one way the student could have improved the experimental design and/or the validity of the results, which is using the exact type of plastic with the same measurements and explaining how heavy each weight was.""}",
"(a) Plastic type ""B"" is made of the stretchiest material. (b) It does not say how many or how heavy the weights added are causing the results to be innacurate. Also, the length is not the same for any trials or type of plastic.","{""conclusions"": [""plastic type 'b' is made of the stretchiest material.""], ""design_improvements"": [""indicate how many weights were added to the clamps"", ""provide the before and after measurements for length""], ""validity_improvements"": [], ""valid_conclusion"": true, ""design_count"": 2, ""validity_count"": 0}",3,3,"{""score"": 3, ""reasoning"": ""The student's response draws a valid conclusion supported by the data, stating that plastic type B is the stretchiest material. Additionally, the student describes two ways to improve the experimental design: indicating the number and weight of the added weights, and providing the before and after measurements for length, which aligns with the improvements suggested in the scoring rubric.""}",
Plastic type ''B'' contains the most elasticity. The could have explained was some of the different procedures were used for and to be more clear on explaining the procedure because when you explain a procedure you want to explain it in a way that any one can prefer in it.,"{""conclusions"": [""plastic type 'b' contains the most elasticity""], ""design_improvements"": [""explain procedures clearly so anyone can understand and replicate them""], ""validity_improvements"": [], ""valid_conclusion"": true, ""design_count"": 1, ""validity_count"": 0}",2,1,"{""score"": 2, ""reasoning"": ""The student's response draws a valid conclusion supported by the data, stating that plastic type 'B' contains the most elasticity. Additionally, the student describes one way the experimental design could have been improved, which is to explain procedures clearly so anyone can understand and replicate them. This aligns with the scoring rubric for a score of 2.""}",
"In conclusion, based on the students data collected, plastic type B was the farthest stretched. One way to improve the validity of their design to have different sizes of the plastic samples used. Another way to increase the validity is to get wide range of the different types of plastics.","{""conclusions"": [""plastic type b was the farthest stretched""], ""design_improvements"": [""have different sizes of the plastic samples used""], ""validity_improvements"": [""get a wide range of the different types of plastics""], ""valid_conclusion"": true, ""design_count"": 1, ""validity_count"": 1}",2,1,"{""score"": 2, ""reasoning"": ""The student's response draws a valid conclusion supported by the data, stating that plastic type B was the farthest stretched. Additionally, the student describes one way to improve the experimental design, which is to have different sizes of the plastic samples used, and another way to increase validity, getting a wide range of different types of plastics. According to the scoring rubric, this warrants a score of 2 because the response draws a valid conclusion and describes one way to improve the design, even though it doesn't perfectly align with the suggested improvements in the rubric.""}",
"a) The plastic type B has the greatest stretchability out of the other 3 types. ^p b) The student should be clear about the length of each plastic to ensure that only independent variable is the type of plastic. Also, the student must determine the weight of the weights clamped on the plastic to keep one independent variable (plastic type). It is important to keep your constants, constant.","{""conclusions"": [""the plastic type b has the greatest stretchability out of the other 3 types.""], ""design_improvements"": [""the student must determine the weight of the weights clamped on the plastic to keep one independent variable (plastic type)"", ""the student should be clear about the length of each plastic to ensure that only independent variable is the type of plastic.""], ""validity_improvements"": [], ""valid_conclusion"": true, ""design_count"": 2, ""validity_count"": 0}",3,3,"{""score"": 3, ""reasoning"": ""The student's response draws a valid conclusion supported by the data, stating that plastic type B has the greatest stretchability. Additionally, the student describes two ways to improve the experimental design: ensuring the length of each plastic is clear and determining the weight of the weights clamped on the plastic to keep the independent variable consistent.""}",
"Based on the student's data it looks like they wanted to see if their type of plastic had an effect on how far it can stretch. Plastic type D must be hard plastic because for both trials one and two the plastic did not move 1 mm. The students could have improved their results by telling us how much weight they used. Without the amount of weight no one knows how much to use so our results will be different. Also, in step 1 the students did not say how long the plastic must be cut.","{""conclusions"": [], ""design_improvements"": [""indicate how many weights were added to the clamps"", ""provide the initial length of the plastic samples""], ""validity_improvements"": [], ""valid_conclusion"": false, ""design_count"": 2, ""validity_count"": 0}",2,2,"{""score"": 2, ""reasoning"": ""The student response draws a conclusion about plastic type D and suggests two improvements to the experimental design, which aligns with the scoring rubric for a score of 2.""}",
"I conclude, based on the data, that out of the four different polymer plastics, plastic type B was able to stretch the most mm, 23mm. Other plastic type such as A only stretched 12mm; plastic type C only stretched 13mm and plastic type b only stretched 20mm.","{""conclusions"": [""plastic type b has more stretchability than the other polymer plastics.""], ""design_improvements"": [], ""validity_improvements"": [], ""valid_conclusion"": true, ""design_count"": 0, ""validity_count"": 0}",1,1,"{""score"": 1, ""reasoning"": ""The student's response draws a valid conclusion supported by the data, but fails to describe how the student could have improved the experimental design and/or the validity of the results.""}",
"A: Based on the data I can conclude that plastic B had the most stretchability it stretched 22 and 23 mm. C 14 and 13mm and D 20,20 mm were in between. ^p B. One way the student could have improved their experiment design is to clerify everything. What plastic, how long are they etc. They could improve their validity by doing three trials instead of two.","{""conclusions"": [""plastic b has the most stretchability""], ""design_improvements"": [""clarify everything, such as what plastic and how long they are""], ""validity_improvements"": [""do three trials instead of two""], ""valid_conclusion"": true, ""design_count"": 1, ""validity_count"": 1}",2,3,"{""score"": 2, ""reasoning"": ""The student's response draws a valid conclusion supported by the data, stating that plastic B has the most stretchability. Additionally, the student describes one way to improve the experimental design (clarifying everything) and one way to improve validity (doing three trials instead of two), which aligns with the scoring rubric for a score of 2.""}",
Plastic type A seems to have been stretchy because it was stretched 2mm while B and C only stretched 1mm. And type D is not stretchy because the number stayed at 20mm. The student could have used something heavy doing with tape to hold it on the table in ease it came off and they could have also used something better than a clamp to stretch it.,"{""conclusions"": [""plastic type a seems to have been stretchy because it was stretched 2mm while b and c only stretched 1mm"", ""type d is not stretchy because the number stayed at 20mm""], ""design_improvements"": [""use something better than a clamp to stretch it"", ""use something heavy with tape to hold it on the table""], ""validity_improvements"": [], ""valid_conclusion"": true, ""design_count"": 2, ""validity_count"": 0}",2,1,"{""score"": 2, ""reasoning"": ""The student response draws a valid conclusion supported by the student's data, but the improvements suggested for the experimental design are not entirely accurate according to the scoring rubric. The response describes two ways the student could have improved the experimental design, but these suggestions do not align with the rubric's examples of acceptable improvements.""}",
"A. My conclusion is that, based on the data, plastic B has the most stretchability. ^p B. The student could have improved the experiment by doing a third trial, and if needed, a fourth. The student could also have repeated the process to find out why T1 data is different from T2 data.","{""conclusions"": [""plastic b has the most stretchability""], ""design_improvements"": [], ""validity_improvements"": [""doing a third trial, and if needed, a fourth"", ""repeated the process to find out why t1 data is different from t2 data""], ""valid_conclusion"": true, ""design_count"": 0, ""validity_count"": 2}",2,2,"{""score"": 2, ""reasoning"": ""The student's response draws a valid conclusion supported by the data, stating that plastic B has the most stretchability. Additionally, the student describes two ways to improve the experimental design and/or validity of the results, including doing a third trial and repeating the process to find out why T1 data is different from T2 data. This meets the criteria for a score of 2, as the response draws a valid conclusion and describes two ways to improve the experiment.""}",
Plastic type B is the most stretchable plastic out of the 4 reaching 22-23mm. to improve this expierment the person doing the lab needs to know the weight of the weights along with the clamp that is serving as another weight.,"{""conclusions"": [""plastic type b is the most stretchable plastic out of the 4 reaching 22-23mm""], ""design_improvements"": [""indicate how many weights were added to the clamps""], ""validity_improvements"": [], ""valid_conclusion"": true, ""design_count"": 1, ""validity_count"": 0}",2,3,"{""score"": 2, ""reasoning"": ""The student's response draws a valid conclusion supported by the data, stating that plastic type B is the most stretchable. Additionally, the student suggests improving the experiment by indicating the weight of the weights and the clamp, which aligns with one of the acceptable responses for experimental design improvements.""}",
"In conclusion, the polymer with the most stretchability is Polymer B in T1 and T2 polymer B had the highest number of mm out of the other polymers. There for it stretched the greatest amount. In the future I think it would be helpful for the students to record how much weight they used to test each polymer. I also think it would be beneficia to test more trials to be confident in the results.","{""conclusions"": [""polymer b has the most stretchability""], ""design_improvements"": [""record the amount of weight used to test each polymer""], ""validity_improvements"": [""test more trials to be confident in the results""], ""valid_conclusion"": true, ""design_count"": 1, ""validity_count"": 1}",2,3,"{""score"": 2, ""reasoning"": ""The student's response draws a valid conclusion supported by the data, stating that Polymer B has the most stretchability. Additionally, the student describes one way to improve the experimental design, which is to record the amount of weight used to test each polymer, and another way, to test more trials to be confident in the results. This aligns with the scoring rubric for a score of 2.""}",
"a) Plastic type B is more stretchable than plastic type A,C,or D because in trial 1 plastic B stretched 22mm and it stretched 23mm. In both trials plastic type B stretched farther than the rest. a) The student could improve the experimental design by being specific with what 4 polymers she was using, the student could improve validity of her results by concluding even more trials than just 2.","{""conclusions"": [""plastic type b is more stretchable than plastic type a, c, or d""], ""design_improvements"": [""be specific with what 4 polymers are being used""], ""validity_improvements"": [""conduct more trials than just 2""], ""valid_conclusion"": true, ""design_count"": 1, ""validity_count"": 1}",2,2,"{""score"": 2, ""reasoning"": ""The student's response draws a valid conclusion supported by the data, stating that plastic type B is more stretchable than plastic type A, C, or D. Additionally, the student describes one way to improve the experimental design, which is to be specific with what 4 polymers are being used, and one way to improve validity, which is to conduct more trials than just 2.""}",
(A) I concluded that plastic type B is the plastic with the best stretchability. ^P (B) One way the students could have improved the experiment is by doing more than two trials for each type of plastic. Another way the experiment could be improved is by doing trials with different amount of weights.,"{""conclusions"": [""plastic type b is the plastic with the best stretchability""], ""design_improvements"": [""doing trials with different amount of weights""], ""validity_improvements"": [""doing more than two trials for each type of plastic""], ""valid_conclusion"": true, ""design_count"": 1, ""validity_count"": 1}",2,2,"{""score"": 2, ""reasoning"": ""The student's response draws a valid conclusion supported by the data, stating that plastic type B has the best stretchability. Additionally, the student describes two ways to improve the experimental design: doing more than two trials for each type of plastic and doing trials with different amounts of weights. This meets the criteria for a score of 2, as the response draws a valid conclusion and describes two ways to improve the experiment.""}",
In conclusion some would strech alot and same wouldn't. They could improve it by adding more clamp or by streching it more.,"{""conclusions"": [], ""design_improvements"": [], ""validity_improvements"": [], ""valid_conclusion"": false, ""design_count"": 0, ""validity_count"": 0}",0,0,"{""score"": 0, ""reasoning"": ""The student's response does not draw a valid conclusion supported by the data and does not describe two ways to improve the experimental design and/or validity of the results. The conclusion is vague and lacks specific details, and the suggested improvements are not relevant or clear.""}",
A-In both trials plastic type b stretched the most. It stretched  22mm in trial one and 23mm in trial-one. ^p One way the students could have improved their experiment is have all the plastics the same length. Another thing could they could have done to put on the weights till it repeat.,"{""conclusions"": [""plastic type b stretched the most""], ""design_improvements"": [""have all the plastics the same length""], ""validity_improvements"": [""put on the weights till it repeats""], ""valid_conclusion"": true, ""design_count"": 1, ""validity_count"": 1}",2,2,"{""score"": 2, ""reasoning"": ""The student's response draws a valid conclusion supported by the data, stating that plastic type B stretched the most. Additionally, the student describes one way to improve the experimental design, which is to have all the plastics the same length. However, the student only provides one improvement suggestion and the second suggestion is unclear. According to the scoring rubric, this warrants a score of 2.""}",
Some of the students do like measuring but also like using the data table to find out the stretched amount is in the chart.,"{""conclusions"": [], ""design_improvements"": [], ""validity_improvements"": [], ""valid_conclusion"": false, ""design_count"": 0, ""validity_count"": 0}",0,0,"{""score"": 0, ""reasoning"": ""The student response does not draw a valid conclusion supported by the data and does not describe any ways to improve the experimental design and/or the validity of the results.""}",
"One of the many conclusions that can be drawn from this piece of data is that plastic ""D"" stretched the most and plastic ""A"" stretched the low. Two ways to improve this experiment is one, to add more trials, and two, describe the amount of weighs being added to the clamp. Thus piece of info is crucial.","{""conclusions"": [], ""design_improvements"": [""describe the amount of weights being added to the clamp""], ""validity_improvements"": [""add more trials""], ""valid_conclusion"": false, ""design_count"": 1, ""validity_count"": 1}",1,2,"{""score"": 1, ""reasoning"": ""The student response draws an incorrect conclusion and describes only one way to improve the experimental design, which is to add more trials and describe the amount of weights being added to the clamp, but the conclusion about plastic 'D' stretching the most is incorrect according to the data provided.""}",
The two way the student could have improved the experimental design are why they put letters under plastic type is should be the type of plastic not A or B. My second way to improved the exeperimental design is the amount stretched (mm) is wrong because what is T1 and T2 where is the T3 if their three type of plastic.,"{""conclusions"": [], ""design_improvements"": [""use the type of plastic instead of letters under 'plastic type'""], ""validity_improvements"": [], ""valid_conclusion"": false, ""design_count"": 1, ""validity_count"": 0}",0,0,"{""score"": 0, ""reasoning"": ""The student response does not draw a valid conclusion supported by the student's data and does not accurately describe two ways the student could have improved the experimental design and/or the validity of the results. The response contains incorrect information and misunderstandings about the experiment.""}",
"(A) Plastic type B is the stretchable plastic than type A, C, and D. ^P (B) Two ways the student could have improved the experiment is to make sure that each piece of tape is the same length because it may affect the stretchability of the plastic. Another way to improve the experiment is to add the same amount of weight to each plastic type because it may affect the amount stretched.","{""conclusions"": [""plastic type b is the most stretchable plastic than type a, c, and d""], ""design_improvements"": [""add the same amount of weight to each plastic type"", ""make sure that each piece of tape is the same length""], ""validity_improvements"": [], ""valid_conclusion"": true, ""design_count"": 2, ""validity_count"": 0}",3,2,"{""score"": 3, ""reasoning"": ""The student's response draws a valid conclusion supported by the data, stating that plastic type B is the most stretchable. Additionally, the student describes two ways to improve the experimental design: making sure each piece of tape is the same length and adding the same amount of weight to each plastic type. This meets the criteria for a score of 3.""}",
Plastic type B is the polymer with the most stretchability. At the end of the experiment this is apparent because in both trials it stretched the most mm. Two ways to make the experiment better would be to leave the weights on for a longer period of time and also to add more weight on another was would be to make the experiment better would be to leave the heights on for a younger period of time and also to add more weight on. Another  way would be to use a double thickness of each material in evert trials.,"{""conclusions"": [""plastic type b is the polymer with the most stretchability""], ""design_improvements"": [""use a double thickness of each material in every trial""], ""validity_improvements"": [""add more weight"", ""leave the weights on for a longer period of time""], ""valid_conclusion"": true, ""design_count"": 1, ""validity_count"": 2}",2,1,"{""score"": 2, ""reasoning"": ""The student's response draws a valid conclusion supported by the data, stating that plastic type B is the polymer with the most stretchability. Additionally, the student describes two ways to improve the experiment, including using a double thickness of each material and adding more weight or leaving the weights on for a longer period. However, the response does not fully meet the requirements for a score of 3, as the improvements suggested could be more directly related to the experimental design and validity of the results.""}",
"The conclusion that I draw based on the student's data is that plastic A streched the most. Two ways that the students could have improved their experimental design and/or validity of their results would be to test all the materials at least three times and to and to allow the weights to hang longer than five minutes. Testing all materials three times improves the student validity, because it becomes more accurate. Allowing wieghts to hang longer make it easier to see which material streches the most.","{""conclusions"": [], ""design_improvements"": [], ""validity_improvements"": [""allow the weights to hang longer than five minutes"", ""test all materials at least three times""], ""valid_conclusion"": false, ""design_count"": 0, ""validity_count"": 2}",1,1,"{""score"": 1, ""reasoning"": ""The student's conclusion is incorrect based on the data provided. Plastic A did not stretch the most, and the student's suggestions for improvement, such as testing all materials at least three times and allowing the weights to hang longer, are valid but do not outweigh the incorrect conclusion.""}",
a) After review of the results one can conclude that plastic type B as the most stretchable and durable this is because it had the highest mm stretch  distance for both trials.^p b) the student could have improved the results validity by performing 2 more trials after 2 minutes. By giving the plastics time to recover he can either test the durability over time.,"{""conclusions"": [""plastic type b is the most stretchable and durable""], ""design_improvements"": [], ""validity_improvements"": [""giving the plastics time to recover"", ""performing 2 more trials after 2 minutes to test durability over time""], ""valid_conclusion"": true, ""design_count"": 0, ""validity_count"": 2}",1,1,"{""score"": 1, ""reasoning"": ""The student response draws a valid conclusion supported by the data, stating that plastic type B is the most stretchable and durable. However, it fails to describe two ways the student could have improved the experimental design and/or the validity of the results, only providing one improvement related to performing additional trials and giving the plastics time to recover.""}",
"Based on the students data, plastic type B stretched the most with 22 and 23 where as plastic type A stretched 10 and 12. ^p One way they could improve is as by making the size of the plastic constant. Another way thing could improve it is by making sure that when your letting it hang to stop it at exactly 5 minutes as you can keep the time constant too.","{""conclusions"": [""plastic type a stretched the least"", ""plastic type b stretched the most""], ""design_improvements"": [""make the size of the plastic constant""], ""validity_improvements"": [""keep the time constant by stopping it at exactly 5 minutes""], ""valid_conclusion"": true, ""design_count"": 1, ""validity_count"": 1}",2,2,"{""score"": 2, ""reasoning"": ""The student response draws a valid conclusion supported by the student's data and describes one way the student could have improved the experimental design and/or the validity of the results.""}",
"The students conclusion of this trial would be, plastic type 4 produced 10mm of streching for T1 and T2 produced 12mm so it increased by 2mm. Type B produced 12mm of strechability for T1 and 23mm for T2 for an increase of 1mm. type 3 produced 14mm of stretch ability for T1 and 13mm for T2 decreasing by 1mm. And lastly type D produced 20 mm of stretchability for T1 and 20 mm for T2. That's what a students conclusion would look like.","{""conclusions"": [], ""design_improvements"": [], ""validity_improvements"": [], ""valid_conclusion"": false, ""design_count"": 0, ""validity_count"": 0}",0,0,"{""score"": 0, ""reasoning"": ""The student's response does not draw a valid conclusion supported by the data and does not describe any ways to improve the experimental design and/or the validity of the results.""}",
"2A)Based on the data, its possible that he's hypothesis was right, because the data seams close to each other, so there's a higher possibility rigth than wrong.  ^p 3) The could have made more trials including a control varable (one that doesn't change ) Another way as by adding more weights but do the procedure a little bat different.","{""conclusions"": [], ""design_improvements"": [""include a control variable""], ""validity_improvements"": [""add more weights and modify the procedure"", ""perform more trials""], ""valid_conclusion"": false, ""design_count"": 1, ""validity_count"": 2}",1,1,"{""score"": 1, ""reasoning"": ""The student response attempts to draw a conclusion but does so vaguely and without clear support from the data. It mentions the data seems close to each other, which does not directly address the stretchability of the polymer plastics. However, the student does suggest two potential improvements to the experimental design: including a control variable and modifying the procedure by adding more weights. According to the Agent1 extraction, the student describes at least one way to improve the experimental design but fails to draw a valid conclusion supported by the data, aligning with the criteria for a Score 1.""}",
I have concluded that plastic B is the stretchiest and plastic A is the least stretchiest. A validity issue could have been leaving the weights on to long. Another validity issue could have been the measuring of the plastics was off.,"{""conclusions"": [""plastic a is the least stretchiest"", ""plastic b is the stretchiest""], ""design_improvements"": [], ""validity_improvements"": [""inaccurate measuring of the plastics"", ""leaving the weights on for too long""], ""valid_conclusion"": true, ""design_count"": 0, ""validity_count"": 2}",2,2,"{""score"": 2, ""reasoning"": ""The student's response draws a valid conclusion supported by the data, stating that plastic B is the stretchiest and plastic A is the least stretchiest. However, the response only describes two validity issues (leaving the weights on for too long and inaccurate measuring of the plastics) which can be considered as describing ways to improve the validity of the results, but not exactly the experimental design improvements as requested. According to the scoring rubric, this matches the criteria for a score of 2.""}",
A) Plastic type B stretched the most after five minutes stretching 22mm in trial 1 and 23mm in trial 2. The plastic type that stretched the least was type A. It stretched 10mm in trial 1 and 12mm in trial 2. In conclusion the strongest polymer is type B. ^P B) The first way the student could improve on the experiment in a whole is tell what type of plastics were each. He also could tell how much weight was added during the trials.,"{""conclusions"": [""plastic type b stretched the most"", ""the plastic type that stretched the least was type a""], ""design_improvements"": [""tell how much weight was added during the trials"", ""tell what type of plastics were each""], ""validity_improvements"": [], ""valid_conclusion"": false, ""design_count"": 2, ""validity_count"": 0}",2,1,"{""score"": 2, ""reasoning"": ""The student response draws a valid conclusion supported by the student's data, describing plastic type B as stretching the most and type A as stretching the least. Additionally, it describes two ways the student could have improved the experimental design: telling what type of plastics were used and telling how much weight was added during the trials. However, the conclusion about the 'strongest polymer' is not directly related to stretchability, which is the focus of the experiment. Despite this, the response meets the criteria for a score of 2 by providing a valid conclusion about stretchability and suggesting two improvements for the experimental design.""}",
A. The plastic type B could stretch the longest at 22 and 23mm. Also the plastic type D is the only plastic that had the same length of 20mm for both trials. ^p B. Make a control having the clamp (without weight) be measured. Also they could've repeated the experiment by daily one more trial.,"{""conclusions"": [""plastic type b could stretch the longest"", ""plastic type d had the same length for both trials""], ""design_improvements"": [""make a control having the clamp (without weight) be measured""], ""validity_improvements"": [""repeat the experiment by doing one more trial""], ""valid_conclusion"": true, ""design_count"": 1, ""validity_count"": 1}",2,2,"{""score"": 2, ""reasoning"": ""The student's response draws a valid conclusion supported by the data, stating that plastic type B could stretch the longest and that plastic type D had the same length for both trials. Additionally, the student describes one way to improve the experimental design, which is to make a control having the clamp (without weight) be measured, and another way to improve validity, which is to repeat the experiment by doing one more trial. According to the scoring rubric, this warrants a score of 2 because the response draws a valid conclusion and describes one way to improve the experimental design and/or validity of the results.""}",
"a) Based on the students data, I can conclude that the amount each plastic type stretched at consistent rate during both trials. ^p b) The student could have improved the experimental design by specifying how much weight was being added to the plastic samples. They could've the validity of the experiment by trying different amounts of weight with each plastic sample.","{""conclusions"": [], ""design_improvements"": [""specifying how much weight was being added to the plastic samples""], ""validity_improvements"": [""trying different amounts of weight with each plastic sample""], ""valid_conclusion"": false, ""design_count"": 1, ""validity_count"": 1}",1,1,"{""score"": 1, ""reasoning"": ""The student response attempts to draw a conclusion but does so inaccurately by stating that the plastics stretched at a consistent rate, which is not supported by the data. However, it does describe one way the student could have improved the experimental design by specifying the amount of weight added to the plastic samples.""}",
"A. based on the results, I can conclude that plastic B stretched the farthest. In trials one and 2 it beat all others by at least a margin of two millimeters. B. One improvement they could've made is to any say length of each piece and make sure they were all equal. Another improvement could've been  to tell us the type of plastic for re-creature of the experiment.","{""conclusions"": [""plastic b stretched the farthest""], ""design_improvements"": [""make sure the samples are all of the same length""], ""validity_improvements"": [""specify the type of plastic for recreation of the experiment""], ""valid_conclusion"": true, ""design_count"": 1, ""validity_count"": 1}",2,2,"{""score"": 2, ""reasoning"": ""The student's response draws a valid conclusion supported by the data, stating that plastic B stretched the farthest. Additionally, the student describes one way to improve the experimental design, which is to ensure the samples are all of the same length. Although the student mentions another improvement, it is related to specifying the type of plastic for recreation of the experiment, which is not directly related to the experimental design or validity of the results. Therefore, the response meets the criteria for a score of 2.""}",
"A conclusion based on the data is plastic type B is the longest stretching plastic used. Two ways they could have improved their experimental design / validity of their results by hanging the plastic sample in a different place, and by cutting all the plastic samples the same length because that was not stated in the procedure.","{""conclusions"": [""plastic type b is the longest stretching plastic used""], ""design_improvements"": [""cutting all the plastic samples the same length""], ""validity_improvements"": [""hanging the plastic sample in a different place""], ""valid_conclusion"": true, ""design_count"": 1, ""validity_count"": 1}",2,2,"{""score"": 2, ""reasoning"": ""The student response draws a valid conclusion supported by the data, stating that plastic type B is the longest stretching plastic used. Additionally, the student suggests one way to improve the experimental design, which is to cut all the plastic samples the same length. However, the suggestion to hang the plastic sample in a different place may not directly improve the validity of the results. According to the scoring rubric, a score of 2 is assigned when the response draws a valid conclusion and describes one way to improve the experimental design and/or the validity of the results.""}",
I conclude that plastics A and C are a little stronger plastics than B and D because the both A and C stretched less than B and D. ^p Maybe 1 way to improve this is maybe wait a little longer until recording restarts because you might get a more interesting result. Another way to improve the validity of the answer to maybe test another time will get a third result making the answers more valid and presentable.,"{""conclusions"": [], ""design_improvements"": [], ""validity_improvements"": [""test another time to get a third result"", ""wait a little longer until recording restarts""], ""valid_conclusion"": false, ""design_count"": 0, ""validity_count"": 2}",1,1,"{""score"": 1, ""reasoning"": ""The student draws a conclusion from the data, but it is not entirely accurate. The conclusion states that plastics A and C are stronger because they stretched less, which is a valid interpretation of the data. However, the student fails to describe two valid ways to improve the experimental design and/or the validity of the results. The suggested improvements, waiting a little longer until recording restarts and testing another time to get a third result, are related to the timing and repetition of the experiment, but they are not fully developed or directly related to the experimental design improvements outlined in the rubric.""}",
a) A conclusion that could be drawn on their data is that on the plastic types C for T1 pool more than T2 and for plastic tyre D T1 and T2 had the same amount of stretched (mm). ^p b) They could have tested their experement out longer and they could have used more interesting materials.,"{""conclusions"": [], ""design_improvements"": [], ""validity_improvements"": [""they could have tested their experiment out longer""], ""valid_conclusion"": false, ""design_count"": 0, ""validity_count"": 1}",0,0,"{""score"": 0, ""reasoning"": ""The student's response does not draw a valid conclusion supported by the data, and the suggested improvements are not relevant to the experimental design or validity of the results.""}",
"A) Plastic A & B stretched down the same. Plastic C was not that stretched down at all. B.) Two ways the students could have improved their experiment would be to measure the plastic type before stretched down. They should have had tested the plastic in different times. For example. T1 in 5 mins, T2 in 10 mins, trial 3 15mins, etc until 30 mins.","{""conclusions"": [], ""design_improvements"": [""measure the plastic type before stretched down""], ""validity_improvements"": [""test the plastic in different times""], ""valid_conclusion"": false, ""design_count"": 1, ""validity_count"": 1}",1,1,"{""score"": 1, ""reasoning"": ""The student response does not accurately draw a conclusion from the data and only partially describes one way to improve the experimental design.""}",
"Plastic types B, D are more stretchable than A, C. ^P They could do more trials and add more weights.","{""conclusions"": [""plastic types b, d are more stretchable than a, c""], ""design_improvements"": [""add more weights""], ""validity_improvements"": [""do more trials""], ""valid_conclusion"": true, ""design_count"": 1, ""validity_count"": 1}",2,1,"{""score"": 2, ""reasoning"": ""The student response draws a valid conclusion supported by the data and describes one way the student could have improved the experimental design and/or the validity of the results.""}",
a.) Based on the students data plastic type B stretched the farthest and therefor has the most stretchability. The one with the least stretchability was plastic type A. b.) One way the validity of the results could have done more trials. Another way the test could have been improved is by stretching the plastics by hand untill they break.,"{""conclusions"": [""plastic type a has the least stretchability"", ""plastic type b has the most stretchability""], ""design_improvements"": [""stretching the plastics by hand until they break""], ""validity_improvements"": [""performing more trials""], ""valid_conclusion"": true, ""design_count"": 1, ""validity_count"": 1}",2,2,"{""score"": 2, ""reasoning"": ""The student's response draws a valid conclusion supported by the data, stating that plastic type B has the most stretchability and plastic type A has the least. Additionally, the student describes one way to improve the experimental design, which is to perform more trials. However, the student only provides one improvement suggestion, which is why the score is 2 instead of 3.""}",
"If the students test out the four different plastic stretchability then add weights to the clamps on the bottom of the plastic and wait 5 minutes, they will come to the conclution that plastic that plastic B is the most stretchable plastic B's results the first time was 22 $ the second time 23. The second most stretchable is plastic D which was 20 then 20. So in closing the students found if they put weights on the 4 different type of plastic and wait 5 minutes then repeat that, plastic B is the most stretchable.","{""conclusions"": [""plastic b is the most stretchable plastic."", ""plastic d is the second most stretchable.""], ""design_improvements"": [], ""validity_improvements"": [], ""valid_conclusion"": true, ""design_count"": 0, ""validity_count"": 0}",1,1,"{""score"": 1, ""reasoning"": ""The student draws a valid conclusion supported by the data, stating that plastic B is the most stretchable. However, they fail to describe any ways to improve the experimental design and/or the validity of the results.""}",
"(A) Based on the student's data, I can concluded that the plastic type A stretched the least with 10mm and 12mm. Plastic type B stretched the most with 22mm and 23mm. ^p (B) One way that the student could've improved the validity is to add more trials. Having at least 3 trials would have made this experiment more valid. Also, adding more time intervals instead of just one for five minutes would have improved this experiment.","{""conclusions"": [""plastic type a stretched the least"", ""plastic type b stretched the most""], ""design_improvements"": [], ""validity_improvements"": [""add more time intervals instead of just one for five minutes"", ""add more trials""], ""valid_conclusion"": true, ""design_count"": 0, ""validity_count"": 2}",2,2,"{""score"": 2, ""reasoning"": ""The student's response draws a valid conclusion supported by the data, stating that plastic type A stretched the least and plastic type B stretched the most. Additionally, the student describes two ways to improve the experimental design and/or validity of the results: adding more trials and adding more time intervals. This meets the criteria for a score of 2, as the response provides a valid conclusion and describes two improvements, but does not fully align with the sample responses provided in the rubric.""}",
"a. Based on the student's result, it can be concluded that plastic B is the most stretchable because it stretched an average of 22.5 mm in 5 minutes. Plastic A is the least stretchable because it stretched only 11 mm in 5 minutes on average. ^p b. 1. The student should have specified the amount of weight added to the clamp and possibly performed more trials at different weights. 2. The student should have performed a third trial to obtain more consistent and dependable results.","{""conclusions"": [""plastic a is the least stretchable because it stretched only 11 mm in 5 minutes on average."", ""plastic b is the most stretchable because it stretched an average of 22.5 mm in 5 minutes.""], ""design_improvements"": [""specify the amount of weight added to the clamp""], ""validity_improvements"": [""perform a third trial to obtain more consistent and dependable results"", ""perform more trials at different weights""], ""valid_conclusion"": true, ""design_count"": 1, ""validity_count"": 2}",2,3,"{""score"": 2, ""reasoning"": ""The student's response draws a valid conclusion supported by the data, stating that plastic B is the most stretchable and plastic A is the least stretchable. Additionally, the student describes two ways to improve the experimental design: specifying the amount of weight added to the clamp and performing more trials, including a third trial for more consistent results.""}",
On for in coud wont up on bown 14-13 on C the investigation be not be what A and B be. ^p A& D in not good two D bon't go up or bown so C and D is not good for the investigation.,"{""conclusions"": [], ""design_improvements"": [], ""validity_improvements"": [], ""valid_conclusion"": false, ""design_count"": 0, ""validity_count"": 0}",0,0,"{""score"": 0, ""reasoning"": ""The student's response does not provide a clear conclusion based on the data and does not describe any ways to improve the experimental design or validity of the results.""}",
"A) My conclusion from this expiriment is that plastic type A is flexible. B is somewhat flexible, C as well and type D isn't flexible at all. ^p B) The students could improve by being more detailed in things, like the weight of the clamp itself & including a control of each plastic.","{""conclusions"": [], ""design_improvements"": [""including a control of each plastic""], ""validity_improvements"": [""being more detailed in things, like the weight of the clamp itself""], ""valid_conclusion"": false, ""design_count"": 1, ""validity_count"": 1}",1,1,"{""score"": 1, ""reasoning"": ""The student's conclusion is not entirely supported by the data, and they only describe one way to improve the experimental design, which is including a control of each plastic. The mention of being more detailed in things, like the weight of the clamp itself, is related to validity but is not clearly connected to improving the design or validity in the context of the provided rubric.""}",
"The conclustion of this lab according to the students, data type B of the plastic is the weakest and type A of the plastic is the strongest. For the plastic C and D, they are inbetween and C is close to A. The student could have improved the experiment by; saying the measurement of the plastic and how much mass the was on earth peice of plastic. Another way to improve the experiment is making sure the temperature is kept constant and that no one touches the plastic.","{""conclusions"": [], ""design_improvements"": [""provide the measurement of the plastic""], ""validity_improvements"": [""keep the temperature constant"", ""prevent anyone from touching the plastic""], ""valid_conclusion"": false, ""design_count"": 1, ""validity_count"": 2}",1,3,"{""score"": 1, ""reasoning"": ""The student response attempts to draw a conclusion but incorrectly interprets the data, stating type B is the weakest and type A is the strongest, which contradicts the data. However, it does suggest one valid way to improve the experiment by providing the measurement of the plastic and mentions keeping the temperature constant and preventing touch, which are valid points for improving the experiment's validity.""}",
The experiment was very precise and contained multiple trials that proved to be similar to the previous one. Plastic type B appears to have stretched the farthest but it is impossible to tell seeing there are no starting lengths. The plastics as well as the weights should have been the exact same size.,"{""conclusions"": [], ""design_improvements"": [""provide the before and after measurements for length"", ""the plastics should have been the exact same size""], ""validity_improvements"": [], ""valid_conclusion"": false, ""design_count"": 2, ""validity_count"": 0}",2,3,"{""score"": 2, ""reasoning"": ""The student response draws a conclusion about plastic type B and suggests two improvements to the experimental design, which aligns with the scoring rubric for a score of 2.""}",
"A. Based on this students data, I can come to a conclusion that plastic type B was the most streched. ^p B. Two ways the student could have improved is by recording the length of the plastic before stretching. Also the student should have tested it three times instead of two.","{""conclusions"": [""plastic type b was the most stretched""], ""design_improvements"": [""recording the length of the plastic before stretching""], ""validity_improvements"": [""testing it three times instead of two""], ""valid_conclusion"": true, ""design_count"": 1, ""validity_count"": 1}",2,2,"{""score"": 2, ""reasoning"": ""The student response draws a valid conclusion supported by the data, stating that plastic type B was the most stretched. Additionally, the student suggests two improvements: recording the length of the plastic before stretching and testing it three times instead of two. According to the scoring rubric, this meets the criteria for a score of 2, as the response draws a valid conclusion and describes one way to improve the experimental design and/or validity of the results.""}",
The table characteristic property we formulate in the table because 10 +12=22 and amount stretched (mm) T1 = total is 44 and T2=600 the total att ch 9 clamp to the bottom plastic sample.,"{""conclusions"": [], ""design_improvements"": [], ""validity_improvements"": [], ""valid_conclusion"": false, ""design_count"": 0, ""validity_count"": 0}",0,0,"{""score"": 0, ""reasoning"": ""The student's response does not draw a valid conclusion supported by the data and does not describe any ways to improve the experimental design or validity of the results.""}",
"In this experiment I can conclude that plastic type B was the plastic that was  capable stretching the most. I can tell that plastic type A was the least able to stretch the most compared to other ones. Students can improve the design by having a control so that  they could compare aresults and makes experiment reliable. Also, in the procedure they should tell you how long the plastic should measure, how long the length should be.","{""conclusions"": [""plastic type a was the least able to stretch the most compared to other ones"", ""plastic type b was the plastic that was capable stretching the most""], ""design_improvements"": [""having a control to compare results and make the experiment reliable"", ""specifying the initial length of the plastic""], ""validity_improvements"": [], ""valid_conclusion"": true, ""design_count"": 2, ""validity_count"": 0}",2,2,"{""score"": 2, ""reasoning"": ""The student's response draws a valid conclusion supported by the data, stating that plastic type B was the most capable of stretching and plastic type A was the least able to stretch. The student also describes two ways to improve the experimental design: having a control to compare results and make the experiment reliable, and specifying the initial length of the plastic. This meets the criteria for a score of 2, as the response draws a valid conclusion and describes two ways to improve the experimental design.""}",
"a) Plastic type/polymer ""B"" had the best stretchability out of the other polymer plastics. The data shows that in ""B""s both trials it stretched 22 and 23 mm farthest than any other plastic. ^p b) Two ways to improve the design are by doing more trials to be more accurate and by stating the amount of weight put on each bag (the same amount of weight).","{""conclusions"": [""plastic type/polymer 'b' had the best stretchability out of the other polymer plastics.""], ""design_improvements"": [""stating the amount of weight put on each bag (the same amount of weight)""], ""validity_improvements"": [""doing more trials to be more accurate""], ""valid_conclusion"": true, ""design_count"": 1, ""validity_count"": 1}",2,3,"{""score"": 2, ""reasoning"": ""The student's response draws a valid conclusion supported by the data, stating that plastic type B had the best stretchability. Additionally, the student describes one way to improve the experimental design, which is by doing more trials to be more accurate, and another way, stating the amount of weight put on each bag. This aligns with the scoring rubric for a score of 2.""}",
"According to the data table plastic type B is the plastic that stretched the most without ripping. One way that the student could improve is in the procedure when it says add weights she should tell how heavy should the weights be. Also, she should tell what plastics were used.","{""conclusions"": [""plastic type b is the plastic that stretched the most without ripping""], ""design_improvements"": [""identify the specific plastics used"", ""specify the weight of the weights added to the clamp""], ""validity_improvements"": [], ""valid_conclusion"": true, ""design_count"": 2, ""validity_count"": 0}",2,2,"{""score"": 2, ""reasoning"": ""The student's response draws a valid conclusion supported by the data, stating that plastic type B is the plastic that stretched the most without ripping. Additionally, the student suggests two improvements: specifying the weight of the weights added to the clamp and identifying the specific plastics used. This aligns with the scoring rubric for a score of 2, as the response provides a valid conclusion and describes two ways to improve the experimental design.""}",
"a. Based on the data on the table, I can conclude that plastic B was the stretchiest followed by plastic D, C, then A. His results also seem precise because he did two trials and they were totally close to each other every time.  ^p b.  In the procedure, the student should have made each plastic sample the same size keeping it a constant variable. They also should explained how much weight to put on the clamps as it was omitted in the procedure.","{""conclusions"": [""plastic b was the stretchiest followed by plastic d, c, then a""], ""design_improvements"": [""explain how much weight to put on the clamps"", ""make each plastic sample the same size""], ""validity_improvements"": [], ""valid_conclusion"": true, ""design_count"": 2, ""validity_count"": 0}",3,3,"{""score"": 3, ""reasoning"": ""The student's response draws a valid conclusion supported by the data and describes two ways the student could have improved the experimental design and/or the validity of the results.""}",
a) Based on the data plastic type ''B'' is able to stretch out the best compared to all other the differant plastic types. ^p b) One way the students could have improved the experiment would be increasing the amount of trials. ^p Another way to improve the experiment would be to increase the amount of minutes it's left hanging. For example from 5 minutes to 10 minutes.,"{""conclusions"": [""plastic type b is able to stretch out the best compared to all other plastic types""], ""design_improvements"": [""increase the amount of minutes the plastic is left hanging""], ""validity_improvements"": [""increase the amount of trials""], ""valid_conclusion"": true, ""design_count"": 1, ""validity_count"": 1}",2,2,"{""score"": 2, ""reasoning"": ""The student's response draws a valid conclusion supported by the data, stating that plastic type B is able to stretch out the best. Additionally, the student describes two ways to improve the experimental design: increasing the amount of trials and increasing the amount of minutes the plastic is left hanging.""}",
"The conclusion can be made that the plastic type B has the greatest stretchability because in both trials, is stretched the greatest number of mm in comparison to the other 3 plastic types. the student should have conducted at least 1 more trial to validate the experiment since 3 trials are necessary. For a valid experiment would impact the stretchability more tests and constants would make the results more reliable.","{""conclusions"": [""plastic type b has the greatest stretchability""], ""design_improvements"": [""conduct at least one more trial""], ""validity_improvements"": [""more tests and constants would make the results more reliable""], ""valid_conclusion"": true, ""design_count"": 1, ""validity_count"": 1}",2,2,"{""score"": 2, ""reasoning"": ""The student's response draws a valid conclusion supported by the data, stating that plastic type B has the greatest stretchability. Additionally, the student suggests conducting at least one more trial to validate the experiment, which is a valid way to improve the experimental design and/or the validity of the results. However, the student only describes one way to improve the experimental design, hence a score of 2.""}",
a) You can see the trails were accurate to eachother plastic B stretched the least (with the average 11mm).^p b) the student could have improved the expierement by including the ongional measure of the plastic. They could have made the results more valid by keeping the weights on longer so there would be more variation between each result.,"{""conclusions"": [], ""design_improvements"": [""including the original measure of the plastic""], ""validity_improvements"": [""keeping the weights on longer""], ""valid_conclusion"": false, ""design_count"": 1, ""validity_count"": 1}",1,2,"{""score"": 1, ""reasoning"": ""The student response fails to draw a valid conclusion supported by the data, and only partially describes one way to improve the experimental design and/or the validity of the results.""}",
"This investigation shows that plastic B stretched the most but or are the plastics used in this experiment. ^P One way the investigation could be to add more trials, second, if they added more time then maybe the outcome would have changed.","{""conclusions"": [""plastic b stretched the most""], ""design_improvements"": [""add more time""], ""validity_improvements"": [""add more trials""], ""valid_conclusion"": true, ""design_count"": 1, ""validity_count"": 1}",1,2,"{""score"": 1, ""reasoning"": ""The student response draws a valid conclusion that plastic B stretched the most, and describes one way the investigation could be improved, which is to add more trials. However, the response does not fully meet the requirements for a score of 2 or 3, as it only partially addresses the improvements and does not provide a clear second improvement.""}",
I can conclude that in trial 2 had a small impact on trial 1. The students could of improved adding the at same amount of weight to both type of plastics and keep that weights longer.,"{""conclusions"": [], ""design_improvements"": [""add the same amount of weight to both types of plastics""], ""validity_improvements"": [""keep the weights longer""], ""valid_conclusion"": false, ""design_count"": 1, ""validity_count"": 1}",1,1,"{""score"": 1, ""reasoning"": ""The student response attempts to draw a conclusion but fails to do so accurately. It mentions that 'trial 2 had a small impact on trial 1,' which does not directly address the stretchability of the polymer plastics. However, the student does suggest one way to improve the experimental design: adding the same amount of weight to both types of plastics. This suggestion is related to improving the validity of the results by ensuring consistency in the application of weights across different plastic samples. Since the student provides a vague conclusion and only one improvement suggestion, the response aligns with the criteria for a Score 1.""}",
"a. Plastic B, C are almost similar but plastic D stretched the most. ^p b. Two ways they can improve experiment was by adding a 3rd trial and also adding different times.","{""conclusions"": [], ""design_improvements"": [""adding different times""], ""validity_improvements"": [""adding a 3rd trial""], ""valid_conclusion"": false, ""design_count"": 1, ""validity_count"": 1}",1,1,"{""score"": 1, ""reasoning"": ""The student's response does not accurately draw a conclusion from the data, and the improvements suggested are incomplete or incorrect. According to the rubric, a score of 1 is given when the response either draws a valid conclusion but fails to describe how to improve the experiment, or describes one way to improve the experiment but fails to draw a valid conclusion. In this case, the student's conclusion about plastic D stretching the most is incorrect based on the provided data, and suggesting adding a 3rd trial and different times as improvements is partially relevant but not fully aligned with the rubric's examples of acceptable improvements.""}",
They could of improved it by putting their weight on them the same time and put the same amount of weight and had tried the object more than 2 times.,"{""conclusions"": [], ""design_improvements"": [""put the same amount of weight""], ""validity_improvements"": [""try the object more than 2 times""], ""valid_conclusion"": false, ""design_count"": 1, ""validity_count"": 1}",1,2,"{""score"": 1, ""reasoning"": ""The student response lacks a clear conclusion based on the data and only partially addresses improvements in experimental design, thus scoring 1 as it fails to fully meet the criteria for a higher score.""}",
"Plastic Type C stretched the most in both of its trials and plastic Type A stretched the least in both of the trials. The students could have allowed the plastics to long longer than 5 minutes, incase it takes some plastics longer to stretch. The students also could have used plastics that all had the same length to begin with, to eliminate all chances of error.","{""conclusions"": [""plastic type a stretched the least in both of the trials"", ""plastic type c stretched the most in both of its trials""], ""design_improvements"": [""use plastics that all had the same length to begin with""], ""validity_improvements"": [""allow the plastics to hang longer than 5 minutes""], ""valid_conclusion"": true, ""design_count"": 1, ""validity_count"": 1}",2,1,"{""score"": 2, ""reasoning"": ""The student response draws a valid conclusion supported by the student's data and describes one way the student could have improved the experimental design and/or the validity of the results.""}",
"Plastic type A and B increased on the second trial while plastic type C decreased by 1mm and plastic type D stayed the same mm both trials. ^p The students could have improved the design by conducting another trial to get accurate results. The students could have been specific on the weight of the weights. For example, add 1 pound weights to the clamp and allow them to hang for five minutes.","{""conclusions"": [""plastic type a and b increased on the second trial while plastic type c decreased by 1mm and plastic type d stayed the same mm both trials.""], ""design_improvements"": [""be specific on the weight of the weights""], ""validity_improvements"": [""conduct another trial to get accurate results""], ""valid_conclusion"": true, ""design_count"": 1, ""validity_count"": 1}",2,2,"{""score"": 2, ""reasoning"": ""The student response draws a valid conclusion supported by the data and describes one way the student could have improved the experimental design and/or the validity of the results.""}",
"The student could do better by describing it more how she did it and what she did, Add, subtracting, multiply, divide or something.","{""conclusions"": [], ""design_improvements"": [], ""validity_improvements"": [], ""valid_conclusion"": false, ""design_count"": 0, ""validity_count"": 0}",0,0,"{""score"": 0, ""reasoning"": ""The student's response does not draw a valid conclusion supported by the data and does not describe any ways to improve the experimental design and/or the validity of the results.""}",
"a Based off the information given plastic type B stretched the most, the type D, type C, type A. ^p B. Place more weight & let it hang longer or less.","{""conclusions"": [""plastic type b stretched the most""], ""design_improvements"": [""let it hang longer or less"", ""place more weight""], ""validity_improvements"": [], ""valid_conclusion"": true, ""design_count"": 2, ""validity_count"": 0}",2,1,"{""score"": 2, ""reasoning"": ""The student's response draws a valid conclusion that plastic type B stretched the most, and describes two ways the student could have improved the experimental design, which are placing more weight and letting it hang longer or less.""}",
Plastic D didn't change and plastic A stretched more in trial 2. Basically most of the plastics change but not all of them. ^p One way is making each plastic the same length before the experiment. A second way is use the same amount of tape for each plastic type.,"{""conclusions"": [""most of the plastics change but not all of them""], ""design_improvements"": [""making each plastic the same length before the experiment"", ""use the same amount of tape for each plastic type""], ""validity_improvements"": [], ""valid_conclusion"": true, ""design_count"": 2, ""validity_count"": 0}",3,1,"{""score"": 3, ""reasoning"": ""The student response draws a valid conclusion supported by the data, stating that most plastics change but not all of them, and also describes two ways to improve the experimental design: making each plastic the same length before the experiment and using the same amount of tape for each plastic type.""}",
"According to the student's data, the plastic that streched the most was plastic type D and the one that streched the least was plastic type A. ^p I think that this experiment could have been improved by instead of having a second trial, you should have added more time.","{""conclusions"": [], ""design_improvements"": [""add more time instead of having a second trial""], ""validity_improvements"": [], ""valid_conclusion"": false, ""design_count"": 1, ""validity_count"": 0}",0,1,"{""score"": 0, ""reasoning"": ""The student's conclusion is incorrect based on the data provided. Plastic type D did not stretch the most, and the suggestion to add more time instead of having a second trial does not adequately address how to improve the experimental design or validity of the results.""}",
"From the data given to me, I can draw the conclusion that plastic type A is the least stretchable of the plastics probably because of it's tight bonding. Plastic D on the other hand is the most strechable of the polymers (loose bonding). One way the student could have improved his results could have been a 3rd trial that would improve the validity. A second way to improve the validity of this experiment would be to ensure one self to have the same length plastic and time the experiment.","{""conclusions"": [], ""design_improvements"": [""ensure the same length plastic""], ""validity_improvements"": [""perform a 3rd trial"", ""time the experiment""], ""valid_conclusion"": false, ""design_count"": 1, ""validity_count"": 2}",2,2,"{""score"": 2, ""reasoning"": ""The student draws a conclusion about plastic type A being the least stretchable and plastic D being the most stretchable, but the conclusion is not entirely supported by the data. The student also describes two ways to improve the experimental design and/or validity of the results, which are performing a 3rd trial and ensuring the same length plastic.""}",
"a) Plastic type B is the stretchiest plastic. In T1 it  Stretched 22 mm, and in T2 it stretched 23mm. The least stretched plastic was type A. In T1, A stretched 10mm and in T2 it stretched 12mm. Type D was second stretchiest and type C was behind D. ^p b) Two ways the student could have improved the experimental design/validity of the experiment is having a specific size of the original piece of plastic to stretch, and having a specific weight of the weight stretching the plastic. Constant keep the results of experiment valid.","{""conclusions"": [""plastic type b is the stretchiest plastic"", ""the least stretched plastic was type a""], ""design_improvements"": [""having a specific size of the original piece of plastic to stretch""], ""validity_improvements"": [""having a specific weight of the weight stretching the plastic""], ""valid_conclusion"": true, ""design_count"": 1, ""validity_count"": 1}",2,3,"{""score"": 2, ""reasoning"": ""The student's response draws a valid conclusion supported by the data, stating that plastic type B is the stretchiest and type A is the least stretched. Additionally, the student describes one way to improve the experimental design, which is having a specific size of the original piece of plastic to stretch, and another way, having a specific weight of the weight stretching the plastic, thus meeting the criteria for a score of 2.""}",
One conclusion I made is that everytime in trial 2 it goes farther than in trial 1 the numbers increase. Two ways the student have improved on their experiment is by is by being more specific in their procedure and by adding a trial 3.,"{""conclusions"": [], ""design_improvements"": [""being more specific in their procedure""], ""validity_improvements"": [""adding a trial 3""], ""valid_conclusion"": false, ""design_count"": 1, ""validity_count"": 1}",1,1,"{""score"": 1, ""reasoning"": ""The student response attempts to draw a conclusion but it is not supported by the data. The conclusion mentions that the numbers increase in trial 2 compared to trial 1, but this is not a valid conclusion based on the data provided. However, the student does suggest one way to improve the experimental design, which is by being more specific in their procedure, and another way to improve validity, which is by adding a trial 3. According to the scoring rubric, this warrants a score of 1 because the response describes one way the student could have improved the experimental design and/or the validity of the results but fails to draw or incorrectly draws a conclusion from the student’s data.""}",
2.)At the end of the experiment i have concluded that plastic B had the best stretchability because in 1 and 2 it reached 22 mm the first time and 23 mm the second time. My hypothesis was also wrong because I had predicted plastic A would have the most stretchability but it didn't.^p (b)1.Put something heavier then weights. (2)Attach something other then a clamp.,"{""conclusions"": [""plastic b has the best stretchability""], ""design_improvements"": [""attach something other than a clamp"", ""put something heavier than weights""], ""validity_improvements"": [], ""valid_conclusion"": true, ""design_count"": 2, ""validity_count"": 0}",2,1,"{""score"": 2, ""reasoning"": ""The student's response draws a valid conclusion supported by the data, stating that plastic B has the best stretchability. Additionally, the student describes two ways to improve the experimental design, including using something heavier than weights and attaching something other than a clamp. However, the conclusion and improvements could be more detailed and sophisticated, which is why the response scores a 2 instead of a 3.""}",
A) My conclusion based on the student's data is that T2 A-B held a stronger than for T1; C for T1 was the one more mm than T2 but both trials seemed out for plastic type D. ^p B) Two ways those students could have improved is if they kept the plastic the same size and shape. And if they let hang for a min longer.,"{""conclusions"": [], ""design_improvements"": [""kept the plastic the same size and shape""], ""validity_improvements"": [""let hang for a min longer""], ""valid_conclusion"": false, ""design_count"": 1, ""validity_count"": 1}",1,1,"{""score"": 1, ""reasoning"": ""The student response attempts to draw a conclusion but does so inaccurately and unclearly. It mentions that 'T2 A-B held a stronger than for T1' and discusses the outcomes for plastics C and D, but these statements do not clearly or correctly interpret the data provided in the table. For improvements, the student suggests keeping the plastic the same size and shape and letting it hang for a minute longer. The first suggestion is a valid point regarding experimental design, as variations in size and shape could affect stretchability. However, the second suggestion about letting it hang for a minute longer is more related to the procedure's duration rather than a direct improvement in experimental design or validity. Since the student provides one somewhat valid suggestion for improvement but fails to draw a clear and accurate conclusion from the data, the response aligns with the criteria for a score of 1.""}",
"a. Out of all the plastic, plastic A is the stretchiest. Based on the data, it stretches 2 mm while the others stretched 1 mm or 0 mm. ^p b. To improve the experiment, the student could have used plastics that were all the same length to begin with. The student also, should've verified the weight of the weights they used and made alls they used the same weight throughout.","{""conclusions"": [], ""design_improvements"": [""used plastics that were all the same length to begin with""], ""validity_improvements"": [""verified the weight of the weights they used and made sure they used the same weight throughout""], ""valid_conclusion"": false, ""design_count"": 1, ""validity_count"": 1}",1,2,"{""score"": 1, ""reasoning"": ""The student's conclusion is incorrect based on the data provided. Plastic A is not the stretchiest, and the improvement suggestions, although relevant, do not fully address the experimental design and validity of the results as required for a higher score.""}",
"A) In conclusion, plastic B had the most stretchability. ^p B) One way the student could have improved this experiment could be to start with the same length of plastic for each trial & each plastic. The second way I would change the experiment would be to use a stop watch & be very presice about the time.","{""conclusions"": [""plastic b had the most stretchability""], ""design_improvements"": [""start with the same length of plastic for each trial and each plastic""], ""validity_improvements"": [""use a stopwatch and be precise about the time""], ""valid_conclusion"": true, ""design_count"": 1, ""validity_count"": 1}",2,2,"{""score"": 2, ""reasoning"": ""The student's response draws a valid conclusion supported by the data, stating that plastic B had the most stretchability. Additionally, the student describes two ways to improve the experimental design: starting with the same length of plastic for each trial and each plastic, and using a stopwatch to be precise about the time. This meets the criteria for a score of 2, as the response draws a valid conclusion and describes one way to improve the experimental design, but the second improvement is related to validity rather than design.""}",
A.) The conclusion I have drawn about the students data table is that plastics A and B where stretchable. While C actually decrease in size and D did not stretch at all. ^P B.) Two ways that the student could improve this experiment is by naming the different plastics so you know your not looking the same kind of plastic that then once. Also to add more trials because they only held two.,"{""conclusions"": [], ""design_improvements"": [""provide distinct names for the different plastics to avoid confusion""], ""validity_improvements"": [""add more trials to increase the reliability of the results""], ""valid_conclusion"": false, ""design_count"": 1, ""validity_count"": 1}",1,1,"{""score"": 1, ""reasoning"": ""The student response draws a conclusion from the data, although it contains inaccuracies, such as stating plastic C decreased in size and plastic D did not stretch at all. The conclusion about plastics A and B being stretchable is partially correct. The student also suggests two improvements: naming the plastics to avoid confusion and adding more trials. However, the first suggestion is not directly related to improving the experimental design or validity of the results in terms of the stretchability investigation. The second suggestion about adding more trials is relevant. Given the partial correctness of the conclusion and the relevance of one of the suggested improvements, the response aligns most closely with a score of 1, as it fails to accurately draw a conclusion supported by the data and describes only one valid way to improve the experimental design.""}",
Plastic type B was the most strechably polymer. The student could have conducted more trails and tell us how much the weights weigh.,"{""conclusions"": [""plastic type b was the most stretchably polymer""], ""design_improvements"": [""tell us how much the weights weigh""], ""validity_improvements"": [""conducted more trails""], ""valid_conclusion"": true, ""design_count"": 1, ""validity_count"": 1}",2,3,"{""score"": 2, ""reasoning"": ""The student response draws a valid conclusion supported by the data, stating that plastic type B was the most stretchably polymer, and describes one way the student could have improved the experimental design and/or the validity of the results by suggesting more trials and weighing the weights.""}",
"Based on the student's data, you can conclude that plastic A streched the most. One way the student could have improved the experiment could be to have all of the plastics be the same size at the start of the experiment. Another way they could improve the experiment is to add a specific amount of weights in the clamp and have it be the same weight for each plastic.","{""conclusions"": [], ""design_improvements"": [""add a specific amount of weights in the clamp and have it be the same weight for each plastic"", ""have all of the plastics be the same size at the start of the experiment""], ""validity_improvements"": [], ""valid_conclusion"": false, ""design_count"": 2, ""validity_count"": 0}",2,2,"{""score"": 2, ""reasoning"": ""The student's response draws an invalid conclusion, but describes two ways the student could have improved the experimental design and/or the validity of the results, which aligns with the scoring rubric for a score of 2.""}",
a) Plastic type B is the stretchiest based on their data. ^p b) It could have be improved by using plastics of the same length. He also could have taken different lengths of the same plastic.,"{""conclusions"": [""plastic type b is the stretchiest based on their data.""], ""design_improvements"": [""using plastics of the same length""], ""validity_improvements"": [""taking different lengths of the same plastic""], ""valid_conclusion"": true, ""design_count"": 1, ""validity_count"": 1}",2,2,"{""score"": 2, ""reasoning"": ""The student draws a valid conclusion supported by the data, stating that plastic type B is the stretchiest. Additionally, the student describes one way the experimental design could have been improved, which is by using plastics of the same length. However, the student only provides one improvement suggestion, whereas the rubric for a score of 3 requires two valid suggestions for improving the experimental design and/or the validity of the results.""}",
"Plastic type A was the stretchiest. The student could have improved the validity of the results by doing more trials in the investigation, and by measuring the plastic prior to the experiment.","{""conclusions"": [], ""design_improvements"": [""measuring the plastic prior to the experiment""], ""validity_improvements"": [""doing more trials in the investigation""], ""valid_conclusion"": false, ""design_count"": 1, ""validity_count"": 1}",1,2,"{""score"": 1, ""reasoning"": ""The student's response incorrectly concludes that Plastic type A was the stretchiest, when in fact the data suggests otherwise. However, the student does suggest two possible improvements to the experimental design: doing more trials and measuring the plastic prior to the experiment.""}",
"a) Plastic B has the most stretchability. If you take the average of the two trials plastic B, 22.5 mm, is higher then plastic A, 11mm, plastic C, 13.5mm, and plastic D, 10mm. ^p b) One way the students could have improved the experiment is by giving a specific amount of weight to add to each clamp. Another improvement would be to do third trial because this could increase the validity.","{""conclusions"": [""plastic b has the most stretchability.""], ""design_improvements"": [""give a specific amount of weight to add to each clamp.""], ""validity_improvements"": [""do a third trial to increase the validity.""], ""valid_conclusion"": true, ""design_count"": 1, ""validity_count"": 1}",2,3,"{""score"": 2, ""reasoning"": ""The student's response draws a valid conclusion supported by the data, stating that plastic B has the most stretchability. Additionally, the student describes two ways to improve the experimental design: giving a specific amount of weight to add to each clamp and doing a third trial to increase validity. This meets the criteria for a score of 2, as the response provides a valid conclusion and two design improvements.""}",
"a. My conclusion would be that the plastic type B would be better because it stretched more. ^p b. One way the could have improved there experiment design would have been leaving on e of the plastic bags, with the weights the whole time ( control) types of plastic bags.","{""conclusions"": [""plastic type b has more stretchability than the other polymer plastics.""], ""design_improvements"": [""leaving one of the plastic bags with the weights the whole time as a control""], ""validity_improvements"": [], ""valid_conclusion"": true, ""design_count"": 1, ""validity_count"": 0}",2,1,"{""score"": 2, ""reasoning"": ""The student's response draws a valid conclusion supported by the data, stating that plastic type B has more stretchability than the other polymer plastics. Additionally, the student describes one way the experiment could have been improved, by leaving one of the plastic bags with the weights the whole time as a control. However, the student only provides one improvement suggestion, which aligns with the criteria for a score of 2.""}",
Two ways tat the student could have improved was to let the weights hang there for a little more time. Also use the same length of plastic for each trial.,"{""conclusions"": [], ""design_improvements"": [""use the same length of plastic for each trial""], ""validity_improvements"": [""let the weights hang there for a little more time""], ""valid_conclusion"": false, ""design_count"": 1, ""validity_count"": 1}",1,1,"{""score"": 1, ""reasoning"": ""The student response describes one way the student could have improved the experimental design and/or the validity of the results, which is to use the same length of plastic for each trial. However, it fails to draw a valid conclusion from the student's data.""}",
